"id","title","description"
"1","HTML Full Course","Learn HTML completely from scratch with this full course."
"2","CSS Basics","An introductory course to CSS for styling web pages."
"3","JavaScript Essentials","Master the fundamentals of JavaScript and interactive web design."
"4","PHP for Beginners","A step-by-step guide to PHP programming for web development."
"5","MySQL Database Tutorial","Learn how to create and manage databases using MySQL."
"6","Bootstrap 4 Tutorial","Build responsive websites quickly with Bootstrap 4."
"7","Responsive Web Design","Design websites that look great on any device."
"8","Advanced CSS Techniques","Enhance your CSS skills with advanced techniques and best practices."
"9","Node.js Crash Course","Get started with server-side JavaScript using Node.js."
"10","CodeIgniter 3 Tutorial","Build robust web applications using the CodeIgniter 3 framework."
